Pool Count,Hashrate (H/s),Duration (ms),Shares Found,Memory (bytes),Efficiency (%)
1,3.40924e+07,0.297,3,0,0
2,7.30516e+07,0.2742,3,0,0
3,1.07325e+08,0.2878,3,0,0
4,1.47699e+08,0.2718,3,0,0
5,1.68782e+08,0.297,3,0,0
